YEAR,AZ-Phoenix,CA-Los Angeles,CA-San Diego,CA-San Francisco,CO-Denver,DC-Washington,FL-Miami,FL-Tampa,GA-Atlanta,IL-Chicago,MA-Boston,MI-Detroit,MN-Minneapolis,NC-Charlotte,NV-Las Vegas,NY-New York,OH-Cleveland,OR-Portland,TX-Dallas,WA-Seattle,Composite-10,Composite-20
January 2000,100.41,101.03,101.10,101.45,100.66,100.87,99.94,100.08,100.37,100.56,100.92,100.15,100.19,100.66,100.40,100.34,100.53,100.59,100.71,101.08,100.75,100.59
February 2000,100.94,102.04,102.41,104.17,101.65,101.70,100.47,100.79,101.28,101.41,101.89,100.87,100.97,101.10,100.90,101.24,100.51,101.25,103.04,101.66,101.89,101.69
March 2000,101.72,103.22,104.09,107.34,102.73,102.89,101.09,101.45,101.77,102.43,102.65,101.37,101.63,101.14,101.44,102.06,101.17,101.56,102.71,102.94,103.15,102.78
April 2000,102.27,104.16,105.71,110.63,103.54,103.95,102.01,102.31,102.69,103.41,104.35,101.76,102.97,102.27,101.59,103.13,101.74,102.18,103.28,103.48,104.53,104.00
May 2000,102.99,104.92,107.13,113.80,105.30,104.92,102.75,103.39,103.26,104.39,106.01,102.58,104.41,102.24,102.05,104.92,102.16,102.08,103.72,104.22,106.01,105.25
June 2000,103.70,105.69,108.97,116.82,106.91,105.72,103.40,104.23,104.13,105.51,107.93,103.28,105.61,102.69,102.28,106.06,102.04,102.19,103.62,104.43,107.34,106.40
July 2000,104.08,106.32,110.32,117.86,108.30,106.71,103.69,105.03,104.31,106.03,108.92,103.99,106.39,102.25,102.67,107.02,101.93,102.40,104.05,104.94,108.17,107.13
August 2000,104.50,106.97,111.67,119.05,109.30,107.79,104.36,105.41,104.69,106.42,110.13,104.23,107.36,102.53,103.22,108.02,102.19,102.65,104.36,105.22,109.07,107.86
September 2000,104.97,107.89,112.66,120.41,110.55,108.99,105.11,105.91,104.77,106.71,111.37,104.65,108.47,102.52,103.89,108.83,102.52,102.81,105.08,105.63,110.03,108.61
October 2000,105.33,108.81,113.47,123.25,111.73,109.87,106.09,106.51,105.41,106.98,112.97,105.06,109.63,102.86,104.68,109.79,103.20,103.03,105.51,105.82,111.17,109.49
November 2000,105.80,109.98,115.25,126.44,113.10,111.09,107.42,108.19,106.03,107.47,114.77,106.10,111.16,103.18,105.04,110.64,103.56,103.34,106.28,106.40,112.50,110.57
December 2000,106.01,110.72,116.96,130.06,114.54,112.40,108.66,109.81,106.56,108.15,116.95,106.68,111.73,103.00,105.52,111.84,104.22,104.11,106.57,107.29,113.93,111.80
January 2001,106.40,112.03,118.90,133.04,115.51,113.79,110.24,110.90,107.06,108.92,118.84,107.33,113.35,103.54,105.77,112.94,104.54,104.60,107.24,107.77,115.43,113.05
February 2001,106.88,112.90,120.14,135.07,116.88,115.39,111.07,111.71,107.42,109.52,120.41,107.50,114.50,103.87,106.17,114.25,104.85,104.85,108.37,107.91,116.69,114.13
March 2001,107.46,114.18,122.32,134.94,117.24,116.84,112.27,112.41,107.93,110.36,121.56,108.04,116.39,104.00,106.99,115.31,104.97,105.10,109.08,108.14,117.72,115.09
April 2001,108.08,114.64,123.36,133.86,118.52,118.63,113.53,113.45,108.33,111.29,122.74,108.39,117.27,103.87,107.95,116.36,104.78,105.42,109.90,109.03,118.50,115.84
May 2001,108.70,115.26,124.28,132.66,119.25,119.26,114.77,113.77,108.63,112.09,123.18,108.85,118.28,104.22,108.74,116.98,105.25,105.96,110.06,109.24,118.95,116.30
June 2001,109.02,115.74,124.52,130.83,119.97,120.25,115.90,115.20,109.30,113.22,124.44,109.14,119.68,104.32,109.51,118.07,105.68,106.59,110.48,109.74,119.50,116.90
July 2001,109.51,116.38,125.29,129.28,120.39,121.08,117.13,116.16,109.67,114.21,125.60,109.66,121.26,104.83,110.30,119.22,106.47,107.34,110.42,109.99,120.10,117.50
August 2001,109.86,117.36,125.87,128.33,120.96,122.09,118.29,117.85,110.18,115.25,126.94,110.41,122.12,104.63,110.97,120.59,106.98,108.02,110.63,110.55,120.95,118.25
September 2001,110.28,118.34,126.98,128.18,121.51,123.10,119.52,118.12,110.66,116.09,128.15,110.85,123.20,104.73,111.70,121.98,107.27,108.34,110.52,111.21,121.95,119.03
October 2001,110.75,119.32,128.15,128.21,121.70,124.13,121.09,118.88,111.05,116.52,129.13,111.10,124.10,104.53,112.08,123.10,107.01,108.53,111.20,111.60,122.81,119.69
November 2001,111.10,120.30,129.35,127.68,121.64,125.05,122.72,119.54,111.17,116.80,130.18,110.93,125.28,104.50,112.97,124.41,106.77,108.44,111.45,112.04,123.62,120.27
December 2001,111.65,121.29,129.99,126.84,121.62,126.18,123.76,119.89,111.29,117.09,130.51,111.25,125.97,104.61,113.52,124.58,106.37,108.41,111.99,112.07,124.02,120.67
January 2002,112.16,122.71,130.32,126.84,122.10,127.25,124.49,120.40,111.66,117.50,131.35,111.47,126.42,104.78,114.45,125.38,106.88,108.93,112.54,112.84,124.83,121.36
February 2002,112.79,123.99,131.73,127.61,122.39,128.82,125.42,120.70,112.27,118.12,131.77,112.14,126.98,105.26,115.00,126.10,107.42,109.53,112.75,113.26,125.76,122.19
March 2002,113.21,125.46,133.19,129.56,123.10,130.14,126.65,122.96,112.80,118.73,132.97,112.33,128.13,105.61,115.41,127.31,107.97,111.13,113.24,113.57,127.04,123.32
April 2002,113.68,126.85,135.65,132.11,123.33,131.63,128.10,123.71,112.75,119.64,134.53,112.32,128.99,106.16,115.40,128.69,108.36,111.06,113.37,113.52,128.54,124.51
May 2002,114.19,128.69,138.13,134.75,124.01,133.30,129.80,124.95,112.93,120.34,136.68,112.81,130.22,106.14,115.87,130.48,108.59,111.53,113.47,113.73,130.34,125.93
June 2002,114.68,130.78,140.54,137.57,124.25,134.84,131.57,125.60,113.25,121.05,138.77,113.38,131.20,106.21,116.34,132.49,109.15,111.30,113.19,114.05,132.22,127.39
July 2002,114.99,132.86,142.87,139.37,124.68,137.00,133.48,126.85,113.66,121.86,140.54,114.03,132.29,106.15,116.83,134.86,109.46,112.27,113.18,114.46,134.10,128.88
August 2002,115.29,135.09,145.70,141.11,124.61,138.96,134.90,127.75,114.02,122.63,142.31,114.55,133.28,106.73,117.27,137.01,109.49,112.02,113.56,114.76,135.96,130.31
September 2002,115.54,137.24,148.04,141.85,124.67,140.80,136.58,128.57,114.16,123.48,144.20,114.80,133.90,107.06,117.80,138.83,109.41,112.21,113.74,115.05,137.61,131.53
October 2002,115.82,139.72,150.59,142.82,125.00,142.45,138.26,129.20,114.60,124.35,145.85,114.88,135.26,107.31,119.16,140.81,109.58,112.33,113.86,115.44,139.37,132.84
November 2002,116.24,141.82,153.05,143.63,125.55,143.86,139.85,130.26,114.92,125.32,147.41,115.53,136.13,107.34,120.60,142.85,109.77,113.00,113.86,115.91,141.01,134.09
December 2002,116.71,143.98,155.20,143.82,125.71,145.59,141.70,131.83,115.25,126.36,147.86,115.61,137.91,107.71,122.00,144.92,110.23,113.80,114.19,116.63,142.56,135.40
January 2003,117.71,145.75,157.30,143.73,125.62,146.68,143.77,133.27,115.65,127.22,148.52,115.71,138.86,108.38,122.92,146.64,110.89,114.61,114.71,116.85,143.86,136.47
February 2003,118.61,147.30,158.50,143.85,125.60,147.93,145.86,134.66,115.96,128.21,149.70,115.33,140.04,108.75,123.74,147.93,111.70,115.40,114.82,117.48,145.04,137.46
March 2003,119.57,148.88,159.70,143.95,126.11,148.71,147.39,135.52,116.77,129.50,150.97,116.16,140.57,108.43,124.34,149.19,112.05,116.00,113.96,117.98,146.14,138.39
April 2003,119.90,150.48,161.10,144.30,125.92,149.94,148.70,136.63,116.56,129.79,151.64,117.12,141.52,107.99,125.29,150.34,112.60,116.39,113.58,118.47,147.14,139.25
May 2003,120.28,152.29,162.58,144.37,125.78,151.37,149.81,138.12,116.85,130.53,151.88,118.10,142.25,107.71,125.97,151.49,112.98,116.93,113.63,118.89,148.19,140.15
June 2003,120.67,154.07,164.20,144.84,125.08,152.99,150.72,138.67,116.82,131.03,152.38,117.84,142.59,108.04,126.95,152.24,113.36,117.67,114.16,119.36,149.13,140.92
July 2003,121.28,157.02,166.36,146.18,125.17,154.71,152.78,139.35,117.03,131.70,152.90,117.80,143.80,108.15,128.36,153.29,113.79,118.32,114.35,119.97,150.65,142.12
August 2003,122.10,160.11,169.43,147.80,125.60,156.79,155.04,139.69,117.32,132.19,153.57,117.84,144.78,108.67,130.43,154.50,114.41,118.88,114.36,121.02,152.44,143.55
September 2003,123.04,163.59,173.15,149.65,125.83,159.26,157.04,141.85,117.72,133.28,154.60,118.13,145.89,108.61,132.70,156.37,115.09,119.45,114.39,121.71,154.66,145.26
October 2003,123.91,167.06,177.15,151.55,126.30,161.69,159.08,143.28,118.03,134.44,155.90,118.80,146.96,109.96,135.70,157.98,115.73,120.34,114.50,122.84,156.81,146.99
November 2003,124.97,170.75,181.12,153.73,126.79,164.16,160.76,144.88,118.45,135.65,157.68,119.12,148.04,110.61,138.80,160.02,116.15,121.40,114.63,123.52,159.17,148.82
December 2003,126.24,174.78,185.05,155.98,127.26,166.52,162.59,145.23,118.69,137.04,159.30,119.45,148.75,111.19,143.07,161.90,116.38,122.38,114.42,124.84,161.64,150.75
January 2004,127.29,178.77,188.63,157.84,128.08,169.53,164.82,148.00,119.30,138.02,160.56,119.77,150.00,110.49,147.24,163.65,116.46,123.14,114.93,125.58,164.01,152.62
February 2004,128.40,182.91,192.67,159.95,128.65,171.77,167.03,149.52,119.58,138.76,161.99,119.99,151.26,110.71,151.62,165.45,116.85,123.92,115.36,126.58,166.42,154.54
March 2004,129.64,188.79,199.06,162.21,129.25,174.68,170.31,152.67,120.21,139.62,163.26,120.93,152.79,111.29,159.84,167.43,117.10,124.19,114.50,127.49,169.49,156.96
April 2004,130.93,194.50,204.92,164.53,129.29,177.85,173.11,153.24,120.82,140.18,165.54,121.37,154.47,112.10,167.51,169.14,118.02,125.68,114.71,128.60,172.48,159.35
May 2004,132.45,199.74,211.08,166.80,129.31,182.00,176.66,155.37,120.93,141.47,166.18,122.16,154.93,112.52,175.43,171.14,117.88,126.62,115.15,129.88,175.54,161.75
June 2004,133.93,205.30,216.72,169.84,129.84,186.73,179.84,157.84,120.89,142.32,167.52,121.82,156.23,112.62,185.01,173.34,117.92,127.52,115.50,131.10,178.84,164.30
July 2004,135.80,209.32,221.87,172.10,129.97,189.90,183.32,159.95,121.29,143.25,168.15,121.61,156.54,112.74,193.60,175.65,117.91,128.46,115.78,132.27,181.53,166.38
August 2004,137.57,211.16,225.12,174.54,130.35,193.05,186.69,162.56,121.72,143.85,169.29,121.61,157.31,112.52,199.40,177.32,118.07,129.63,115.91,133.13,183.54,168.07
September 2004,140.57,212.72,227.99,177.06,130.51,196.12,190.32,165.06,122.24,145.18,170.15,121.80,157.32,112.60,203.02,179.14,118.53,131.17,115.94,134.25,185.52,169.65
October 2004,143.81,213.87,230.26,180.05,131.26,199.55,193.54,167.96,122.73,146.16,172.04,122.12,158.18,113.04,205.27,181.13,118.63,132.72,116.22,135.25,187.44,171.29
November 2004,147.69,215.99,231.78,183.27,131.86,203.15,197.07,170.59,123.23,147.25,173.05,122.45,158.85,113.82,206.86,182.93,119.31,134.09,116.46,137.29,189.49,173.07
December 2004,152.13,218.10,234.30,187.10,132.75,206.97,200.85,173.57,123.94,148.56,174.31,122.71,159.66,114.75,208.17,184.61,119.76,135.21,117.03,139.11,191.75,175.07
January 2005,156.33,221.44,236.70,191.60,133.40,210.80,205.32,177.24,124.64,150.03,175.73,123.26,161.39,115.13,209.16,187.18,121.14,136.77,117.56,141.62,194.60,177.54
February 2005,161.66,225.20,239.03,196.00,134.38,215.14,210.02,180.84,125.45,151.81,177.94,123.95,162.68,115.64,211.65,189.80,121.90,138.28,118.27,143.02,197.78,180.25
March 2005,167.81,229.75,239.92,200.46,134.66,221.04,215.94,185.28,126.23,154.01,179.47,124.73,163.76,115.45,213.66,193.10,121.63,140.21,118.95,145.27,201.31,183.28
April 2005,174.65,233.45,241.30,202.31,135.10,225.77,222.35,188.47,126.96,154.61,180.51,125.52,165.11,115.49,216.19,195.16,121.89,142.11,119.04,146.78,203.82,185.50
May 2005,181.12,237.12,242.33,204.83,135.13,229.73,227.79,192.03,127.29,155.27,180.73,126.50,165.16,116.02,217.99,196.73,121.91,144.48,119.28,148.78,206.08,187.55
June 2005,188.96,240.62,243.65,207.20,134.94,233.78,233.95,196.81,127.82,156.08,180.10,125.90,165.41,116.99,219.48,198.19,121.61,147.57,119.00,150.80,208.22,189.52
July 2005,196.17,244.30,244.51,209.32,134.97,236.81,239.22,201.11,127.77,156.65,180.02,125.27,165.21,117.69,220.47,199.81,121.45,150.42,119.38,152.84,210.28,191.37
August 2005,203.01,248.31,245.50,210.72,135.23,238.99,244.93,206.34,127.93,156.57,179.71,124.68,165.33,118.51,222.03,201.57,121.42,153.42,119.56,155.12,212.33,193.37
September 2005,209.58,252.86,245.95,212.81,135.90,241.38,250.57,211.66,127.95,157.99,180.15,124.66,165.61,118.60,223.78,204.10,121.65,156.47,120.33,157.56,214.96,195.61
October 2005,213.63,257.75,247.70,214.14,136.60,243.79,255.88,217.90,128.86,159.16,179.99,125.13,166.90,119.92,225.58,206.69,121.99,159.08,120.92,159.85,217.45,197.87
November 2005,217.37,261.58,249.57,215.45,137.21,246.21,259.91,222.59,129.74,161.33,180.79,125.69,168.25,120.36,227.90,209.33,122.48,161.76,122.10,162.49,219.93,200.12
December 2005,220.12,265.36,249.87,216.37,137.91,248.42,263.88,226.01,130.70,162.55,180.44,126.35,169.30,121.54,229.85,212.06,122.84,164.20,122.83,164.83,222.16,202.15
January 2006,222.99,268.15,250.56,217.36,138.80,250.25,267.94,229.51,131.70,164.44,180.58,126.87,170.10,121.02,232.27,213.51,123.37,167.09,123.44,167.40,223.87,203.75
February 2006,225.25,271.22,251.38,218.77,139.33,251.97,271.98,232.29,132.33,165.90,179.54,127.29,171.47,122.13,234.34,215.06,123.30,169.66,123.49,169.40,225.63,205.35
March 2006,226.55,272.09,251.71,219.26,139.36,252.88,275.04,236.00,132.66,168.00,180.05,127.78,172.28,122.84,235.22,215.58,122.98,172.60,123.48,171.72,226.53,206.33
April 2006,227.82,273.10,251.33,218.85,138.82,252.30,278.13,237.99,132.90,167.60,179.39,125.99,173.82,124.17,235.76,216.41,122.36,174.06,123.22,173.10,226.89,206.64
May 2006,228.07,272.98,249.68,218.07,138.74,251.19,280.14,239.05,133.02,167.70,178.34,125.36,172.82,124.58,235.42,216.61,121.86,175.37,123.09,174.72,226.65,206.51
June 2006,227.56,272.32,247.92,216.56,138.44,249.33,279.19,238.01,133.11,167.19,176.52,123.81,171.44,125.29,233.76,216.19,121.95,176.72,123.26,176.57,225.69,205.80
July 2006,226.11,271.52,246.00,215.01,138.34,247.12,278.46,236.98,133.16,166.61,175.61,122.64,169.27,126.32,233.08,215.06,121.86,177.77,123.56,178.31,224.56,204.93
August 2006,224.51,270.66,244.11,214.32,137.79,244.42,276.02,235.29,133.10,166.15,174.93,121.60,168.41,127.04,232.41,213.22,121.22,178.90,123.72,179.81,223.31,204.12
September 2006,222.93,270.45,243.37,213.74,137.62,241.72,276.18,234.07,133.06,166.51,173.86,120.64,167.41,127.80,231.89,213.07,120.50,179.52,123.65,181.07,222.82,203.57
October 2006,221.69,271.02,242.07,213.40,137.35,241.81,277.50,232.38,133.74,166.50,173.69,120.36,167.43,128.05,231.31,213.05,120.15,179.89,123.66,182.14,222.76,203.53
November 2006,220.97,271.76,241.46,213.16,137.29,241.51,278.73,231.32,134.09,166.52,171.87,119.85,167.33,129.10,231.42,213.18,119.93,180.37,123.81,183.42,222.86,203.61
December 2006,220.58,270.24,239.32,213.10,137.62,241.40,279.58,230.10,134.65,166.77,171.28,118.65,167.60,129.78,231.67,213.26,119.73,180.36,124.49,184.74,222.53,203.42
January 2007,221.36,270.69,240.12,214.56,137.58,241.35,278.89,229.71,134.97,168.23,170.53,118.14,168.69,130.76,231.92,212.90,120.11,181.89,124.50,186.35,222.71,203.69
February 2007,220.87,270.08,238.89,214.68,137.51,241.72,279.69,230.42,135.56,169.41,171.23,117.86,169.61,131.28,231.70,213.28,120.30,183.03,125.24,187.76,222.93,204.02
March 2007,220.29,268.74,236.70,215.28,137.01,241.52,278.54,229.62,135.83,171.20,171.86,118.44,170.08,132.17,231.20,214.08,120.45,185.13,125.48,189.46,222.97,204.23
April 2007,218.22,266.51,234.65,213.60,136.59,238.60,276.11,226.76,136.03,168.72,171.75,116.64,170.01,132.95,228.69,213.54,119.28,185.42,125.68,189.99,221.37,202.87
May 2007,215.67,264.31,232.40,210.89,136.78,235.88,271.58,223.20,135.38,167.35,170.96,114.07,167.50,133.21,226.07,211.86,118.47,185.40,125.25,190.61,219.31,201.04
June 2007,212.69,261.49,229.90,208.03,136.82,232.49,266.12,219.56,134.93,166.05,169.74,111.54,164.83,133.64,222.28,209.71,117.16,184.64,124.98,190.45,216.82,198.85
July 2007,209.43,258.52,226.65,205.64,136.96,229.43,260.13,215.57,134.12,164.73,169.25,111.10,162.82,133.66,219.16,207.83,116.76,184.26,124.14,190.27,214.47,196.85
August 2007,206.34,254.97,223.57,204.55,136.80,226.43,253.95,210.87,133.61,163.32,168.02,109.77,161.30,133.86,214.91,205.52,115.79,183.51,123.98,189.66,212.04,194.92
September 2007,203.04,251.33,219.80,203.31,136.19,225.89,248.25,207.42,133.10,161.47,168.07,108.53,159.79,133.68,211.08,204.98,115.45,183.30,123.71,189.23,210.09,193.10
October 2007,198.00,247.03,215.36,199.67,134.70,225.43,242.97,204.73,132.77,160.31,167.35,106.57,158.42,133.48,206.34,204.00,114.61,183.20,123.44,187.92,207.63,190.95
November 2007,192.30,239.03,209.12,194.52,132.97,222.94,236.32,202.01,131.38,159.60,166.88,104.17,156.36,132.88,200.75,203.32,112.83,182.56,122.38,186.45,204.11,187.83
December 2007,186.69,232.99,203.44,189.88,131.56,219.13,230.39,199.45,130.44,159.06,165.49,102.43,154.39,132.93,195.78,201.71,112.27,182.46,121.75,185.72,200.72,185.01
January 2008,181.01,225.94,199.87,186.53,130.91,215.52,224.91,195.77,129.69,157.41,164.70,100.33,151.97,133.20,186.82,200.75,110.12,181.03,120.57,184.41,197.37,182.03
February 2008,175.06,217.66,193.13,178.45,130.43,211.55,219.02,190.74,128.61,155.80,163.41,98.58,149.09,133.44,178.48,199.36,109.61,179.56,120.42,182.99,193.04,178.44
March 2008,169.91,210.56,188.21,172.61,130.42,207.79,210.71,185.26,127.39,155.08,162.25,97.72,147.17,133.41,171.14,198.62,109.47,178.08,121.55,181.73,189.48,175.50
April 2008,164.02,205.23,182.20,166.88,130.26,203.81,203.03,181.04,125.46,153.89,161.15,96.27,144.93,132.89,167.26,197.04,111.34,176.99,121.53,180.81,185.90,172.44
May 2008,158.72,199.53,178.56,162.79,130.14,199.99,195.11,178.27,124.56,152.05,160.64,94.76,143.55,132.89,162.25,195.83,109.00,175.68,121.34,178.58,182.62,169.60
June 2008,153.31,195.35,174.36,158.66,130.17,196.31,190.87,175.14,123.18,150.11,160.58,93.44,141.93,131.91,159.35,194.88,108.33,173.91,120.80,176.76,180.06,167.23
July 2008,148.04,190.73,169.84,154.23,130.22,192.89,186.27,173.33,121.96,147.67,159.72,92.36,140.82,131.14,154.37,192.68,107.23,171.84,120.79,174.36,176.83,164.43
August 2008,142.98,186.79,165.72,148.19,129.55,190.45,181.99,171.98,121.17,146.65,159.53,90.46,138.44,129.94,149.75,191.25,107.70,169.33,120.49,172.66,174.14,162.16
September 2008,138.21,181.86,161.88,142.93,128.68,186.77,177.36,168.61,120.23,144.29,158.23,87.81,136.29,128.90,145.38,189.87,107.97,167.42,120.27,170.39,170.74,159.08
October 2008,133.31,178.06,157.91,137.52,127.60,182.78,172.30,163.94,118.83,142.26,157.34,84.56,132.38,127.51,141.10,187.85,107.52,164.63,119.57,168.54,167.74,156.23
November 2008,129.00,174.73,155.14,134.47,127.24,179.40,168.31,159.75,116.72,139.40,154.70,82.50,130.36,125.83,137.12,185.52,106.97,161.62,118.29,165.49,164.96,153.54
December 2008,123.19,171.28,152.84,130.46,126.41,176.18,164.01,155.58,113.98,136.33,153.89,80.18,125.10,123.40,131.00,183.27,105.53,158.36,116.53,160.99,162.12,150.58
January 2009,117.74,167.60,150.07,126.49,124.41,173.98,158.62,150.40,111.44,131.93,152.60,77.60,121.34,122.51,125.96,181.45,104.70,155.80,114.77,157.06,159.09,147.54
February 2009,113.53,165.39,149.07,123.53,123.40,171.27,154.61,147.44,109.26,129.11,151.73,75.33,119.45,121.19,121.82,179.16,100.59,153.91,115.00,155.00,156.91,145.45
March 2009,108.92,163.73,146.81,121.26,123.45,170.09,150.41,144.22,107.93,127.13,149.75,72.94,114.07,121.23,117.74,175.97,99.97,151.16,114.96,152.32,154.66,143.17
April 2009,106.29,161.76,145.78,120.41,123.88,169.75,148.17,142.67,107.13,125.90,149.15,72.28,113.73,119.71,113.49,173.22,99.78,148.87,115.45,150.60,152.91,141.63
May 2009,104.50,160.01,145.50,120.21,124.08,170.30,146.27,141.27,106.06,125.93,149.30,71.87,112.90,119.51,110.39,172.86,102.22,147.07,116.20,148.81,152.23,140.95
June 2009,104.78,160.59,146.53,123.63,125.26,172.02,146.18,140.67,106.02,124.77,150.88,70.01,113.91,119.05,107.75,172.34,104.81,147.43,117.88,148.11,152.87,141.40
July 2009,105.85,162.34,148.86,126.37,126.25,173.86,146.46,141.12,107.08,126.16,151.43,69.43,116.58,119.24,106.06,172.50,105.53,147.82,118.61,147.38,154.04,142.34
August 2009,107.03,164.42,150.95,129.22,126.88,175.71,147.31,141.05,108.03,127.66,152.45,69.73,119.13,118.63,105.03,172.54,104.32,147.97,118.79,147.14,155.40,143.55
September 2009,108.01,165.53,152.68,131.5,127.15,177.25,148.24,140.14,108.89,128.24,152.80,70.59,120.83,118.41,103.85,172.79,103.85,147.68,118.77,146.71,156.02,144.00
October 2009,109.20,166.84,154.19,133.79,127.41,177.84,148.08,138.88,109.32,127.33,152.95,71.40,121.20,118.57,103.51,172.44,103.81,148.18,118.90,147.50,156.75,144.66
November 2009,110.61,168.56,155.73,135.76,127.85,178.24,147.88,138.77,109.80,127.45,153.82,71.56,121.76,118.88,103.51,171.72,104.28,149.47,120.08,147.81,157.36,145.25
December 2009,111.76,171.28,156.88,136.67,127.94,179.47,147.73,138.55,109.79,126.56,154.62,71.94,122.46,118.79,103.95,171.84,104.30,149.77,120.07,148.37,158.21,145.98
January 2010,112.35,174.06,158.86,138.13,127.87,179.60,148.06,139.51,109.29,126.38,154.83,71.97,123.68,118.72,103.91,172.10,105.26,149.27,119.66,147.84,159.11,146.62
February 2010,111.68,174.22,160.39,138.66,128.13,180.23,148.07,138.85,108.52,125.73,154.49,71.33,123.36,118.17,103.88,172.15,104.65,146.67,118.20,146.39,159.45,146.66
March 2010,111.62,173.69,162.77,141.39,128.64,180.31,148.06,139.39,106.83,124.82,155.83,69.95,122.63,116.63,103.61,172.00,106.92,147.23,118.62,147.17,159.85,146.85
April 2010,112.01,174.44,162.89,142.33,129.31,182.42,147.79,139.43,107.46,124.46,156.74,70.47,125.61,117.07,103.84,171.76,106.68,148.48,119.47,146.48,160.23,147.30
May 2010,112.02,175.56,163.60,142.14,128.46,183.59,148.17,139.24,107.79,124.41,156.70,70.33,126.46,116.09,103.24,172.33,105.92,148.06,119.56,146.58,160.58,147.54
June 2010,110.99,175.28,163.01,141.12,127.35,184.38,147.69,138.08,107.77,124.45,155.77,70.48,125.89,115.73,102.20,172.77,105.48,147.64,119.04,145.30,160.46,147.26
July 2010,109.42,174.44,162.65,140.22,126.10,184.11,146.74,136.40,106.55,123.55,155.30,70.23,123.30,115.04,101.02,173.15,104.69,145.98,117.92,144.81,159.98,146.56
August 2010,107.46,173.15,161.35,139.02,125.36,182.69,145.60,134.92,105.51,123.60,154.52,69.42,121.99,114.49,100.32,172.16,103.70,144.43,116.57,143.44,159.01,145.63
September 2010,105.94,172.70,160.30,138.61,125.08,182.41,144.00,134.06,104.09,120.62,153.32,68.21,119.09,114.01,100.32,172.14,101.90,142.29,115.60,142.85,157.96,144.40
October 2010,104.58,172.46,158.76,136.67,125.08,182.51,143.00,133.49,102.65,118.75,152.64,67.71,117.83,113.65,99.84,169.33,101.07,140.49,115.16,141.42,156.89,143.37
November 2010,103.59,172.10,159.72,136.4,124.56,182.83,142.69,132.72,101.52,117.79,152.69,67.27,116.66,113.68,99.93,168.63,99.60,139.10,115.03,140.83,156.56,142.89
December 2010,102.44,170.93,159.52,136.27,124.87,183.65,142.27,130.48,101.31,117.34,153.38,67.54,116.3,113.37,99.02,168.03,100.71,138.02,115.92,139.55,156.14,142.53
January 2011,102.06,170.98,158.97,136.01,125.02,183.74,141.13,130.41,102.58,117.07,153.94,67.76,114.61,112.86,99.23,166.78,101.13,137.66,116.4,138.11,155.66,142.14
February 2011,102.26,170.64,157.52,134.08,124.93,183.89,139.11,130.02,103.58,116.50,152.95,68.32,113.19,112.23,98.68,166.20,101.66,136.48,116.77,135.52,155.10,141.74
March 2011,102.21,170.84,156.38,134.52,123.79,182.81,139.21,129.57,103.51,115.63,151.84,67.6,110.99,110.76,98.15,165.25,100.52,136.17,115.52,136.31,154.64,141.2
April 2011,102.11,170.82,155.91,134.54,124.04,181.56,139.77,128.62,103.55,114.12,150.28,67.23,111.7,111.3,97.42,166.94,99.91,134.97,114.59,136.51,154.71,141.19
May 2011,101.3,169.86,155.22,134.3,124.07,181.58,140.4,127.89,102.6,114.49,151.71,67.73,111.85,111.56,96.42,166.96,99.28,134.57,113.89,136.25,154.46,140.91
June 2011,100.65,169.21,154.32,133.39,124.1,181.22,140.13,127.85,102.24,114.99,152.37,69.79,112.12,112.06,96.06,166.65,98.9,133.47,113.91,135.94,154.19,140.7
July 2011,99.72,168.24,152.98,132.32,123.39,182.06,139.84,127.7,100.95,115.03,152.07,71.58,112.29,111.59,95.66,167.48,98.97,133.58,114.07,135.35,153.98,140.5
August 2011,99.17,167.04,152.38,131.45,123.31,181.49,138.83,126.89,98.71,116.35,151.67,71.35,111.78,111.36,94.51,167.05,98.65,133.41,114.35,134.69,153.49,140.11
September 2011,99.1,165.45,151.73,130.42,123.37,182.34,138.17,125.03,93.92,114.32,151.43,71.57,111.37,111.03,93.02,167.61,98.85,134.2,114.65,133.51,152.56,139.12
October 2011,99.26,164.04,151.69,130.24,123.9,180.44,137.21,125.29,90.71,112.9,151.05,71.13,110.93,110.64,91.35,165.16,98.72,133.85,114.55,132.61,151.58,138.24
November 2011,99.92,162.81,151.1,128.95,124.33,180.18,136.43,124.6,89.68,110.79,150.32,70.92,111.35,110.04,90.83,164.05,98.51,132.48,114.19,131.94,150.52,137.37
December 2011,101.26,162.1,150.93,128.99,124.41,179.13,136.92,124.99,88.48,109.82,149.38,69.96,111.34,110.09,90.27,162.6,98.32,132.56,114.42,131.82,149.73,136.78
January 2012,103.36,161.81,150.58,128.03,125.23,179.6,138.49,125.54,87.43,109.29,149.55,70.41,112.61,110.09,90.21,161.61,97.48,131.76,114.98,132.7,149.31,136.59
February 2012,105.62,161.81,151.46,128.7,125.55,178.72,140.24,126.35,85.72,108.43,149.31,70.69,113.99,110.22,90.23,160.74,97.22,132.37,115.67,131.59,149.36,136.76
March 2012,108.44,162.68,152.14,130.59,126.99,181.84,142.8,127.98,85.21,107.6,150.45,70.76,114.74,111.35,90.77,160.5,98.06,132.46,117.29,134.56,150.22,137.64
April 2012,110.88,164.73,153.12,132.72,127.58,184.26,144.25,129.85,85.91,107.87,150.44,70.74,116.44,112.62,91.72,161.04,98.82,133.76,117.78,135.26,151.39,138.76
May 2012,112.91,166.48,153.47,135.09,128.56,186.96,145.2,131.17,87.63,111.11,151.47,73.12,117.13,113.07,93.34,162.07,99.46,135.14,118.2,137.01,152.88,140.2
June 2012,114.62,168.07,154.03,137.39,129.08,187.78,146.27,132.14,89.82,112.87,152.32,74.96,118.43,113.52,94.33,163.04,99.72,137.41,118.05,138.31,154.21,141.48
July 2012,116.26,168.98,154.21,138.58,130.08,188.64,147.2,132.24,90.79,113.81,153.38,75.99,119.39,114.05,94.8,163.04,99.33,137.79,118.21,139.41,154.85,142.1
